osm_id,green_index_green_area,green_index_tree,green_index
"18978173",0.532634583744032,0.701434291506685,0.612600321998404
"18978227",0.381128271042856,0.512188715908981,0.439967386560996
"18978590",0.644518563469507,0.917767678758332,0.778882973594743
"18978883",0.484825895082413,0.962320668450927,0.720550499437133
"18979106",0.497634095096694,0.568607126501002,0.527574878288225
"19124158",0.331247801121006,0.91479521823575,0.618666705538333
"19124180",0.214362101067173,0.949317799239534,0.576939608780708
"19124184",0.286759483494305,0.945940312122363,0.611906713997423
"19124188",0.340163733666458,0.755734095763839,0.542599614587756
"19124189",0.808344787341765,0.974145364789037,0.890443462814981
"19124191",0.876887552677444,0.955251505157844,0.915596768276644
"19124193",0.440573384361945,0.907986977805787,0.67060440692879
"19124195",0.321149987573753,0.858380090792458,0.584969682448907
"19124197",0.34416101386843,0.809524243553277,0.571876087200535
"19124201",0.29338722669674,0.398007348752427,0.337668735180579
"19124202",0.1550872267793,0.411675385528583,0.274527246064208
"19124203",0.306239414719412,0.792115692020166,0.543844529171217
"19124204",0.474012444331363,0.897855623309234,0.682412639699498
"19124206",0.46050981909563,0.925270308094839,0.689460816864602
"19124209",0.526819214850067,0.982103675129882,0.751847841994083
"19124212",0.423533273110194,0.895978687030973,0.655887802021195
"19210166",0.954985975078717,0.605414402079655,0.777927549915637
"19210168",0.942678264228926,0.449578252575416,0.692741908440237
"19210171",0.935484870887604,0.914776813399768,0.924778117844148
"19210172",0.686859029970345,0.440990478805358,0.558787088192346
"19210174",0.530106835053099,0.590911751716182,0.555326382153123
"19210176",0.80117821914263,0.556350090781396,0.675147780565682
"19210177",0.328649454073846,0.69932002861732,0.508185513596185
"19210179",0.261657143744307,0.906226383735388,0.579069265352768
"19210186",0.938189367520108,0.282517474237993,0.605830800993666
"19747779",0.792623074548078,0.320356313837982,0.551253534831902
"19747856",0.760522781372313,0.344032899433946,0.546985886091854
"19748798",0.840585563309478,0.765732222941243,0.801190391271748
"22744025",0.490528818478299,0.949176905411185,0.716780794751854
"22744028",0.310535582749512,0.904274425478659,0.602843326185707
"22744034",0.509993308591421,0.923835701856649,0.713803513254808
"22744269",0.681137398510069,0.712173822714465,0.693276246550542
"22744403",0.904267903304335,0.0693432467785349,0.480646301501131
"22744726",0.969412456612885,0.901114551996573,0.935045008639025
"23126497",0.722235542344952,0.55980289014779,0.636902829960032
"23126727",0.676684507879718,0.792716111983153,0.731824928725655
"23126729",0.780459762573209,0.810021499409556,0.793167234936061
"24297098",0.934268873194956,0.396709454112855,0.661696933799342
"24297105",0.974770886330339,0.42023248343643,0.694133528872588
"27551753",0.432804502302309,0.68683659700778,0.554628514549818
"27757020",0.949386614336017,0.602552762145041,0.773641007613686
"27880415",0.635355617756087,0.567470795902736,0.596772154818393
"27880421",0.907592877827917,0.634987855209651,0.768899698336055
"27880553",0.896356788375583,0.110168614399124,0.497321437443258
"27880555",0.913292830827193,0.077498714935805,0.489350294758639
"27880560",0.895767028334158,0.0682681278527323,0.475794877363039
"27880660",0.899356939782738,0.0627922760678647,0.474839415551988
"28111438",0.481920948967112,0.50205952457985,0.485899645090928
"28111455",0.507483672655875,0.408766432803639,0.451585844749089
"28111641",0.980190281052627,0.217033036451889,0.593933494285989
"28111975",0.329060229435761,0.951641069797887,0.636225406745326
"28111986",0.944265215082703,0.94778678198158,0.945950074963862
"28116429",0.281712458068037,0.965670082835359,0.619345338715782
"28116466",0.43263305854294,0.985085796744474,0.705641729061563
"28116714",0.426275844052751,0.974468978430968,0.697042284099596
"28116741",0.930874959451389,0.961646038705542,0.946187681968042
"28117009",0.215186931364858,0.954089845933495,0.579775118538771
"28117213",0.306239414719412,0.792115692020166,0.543844529171217
"28117351",0.669272880751783,0.87114344900759,0.767803160637466
"28117380",0.662549744538106,0.868241373379991,0.762926801528609
"28117413",0.729491767955813,0.963026169471878,0.844861418913351
"28117425",0.808368351121312,0.916008323149212,0.861001805656218
"28117434",0.46050981909563,0.664754885657744,0.55747756557126
"28117471",0.454829227086981,0.964438397541703,0.706426372102086
"28117513",0.287057743916569,0.92639246449375,0.602154419558263
"28117654",0.920124985336997,0.879976221359733,0.899365638011257
"28117656",0.918248453104456,0.726739191667824,0.820781452741291
"28253537",0.426366429650816,0.935368807525971,0.677279109035912
"28603869",0.917361353230065,0.909547699040401,0.912947124227666
"28603886",0.92289325185162,0.862416437541399,0.891871906826198
"28603900",0.543785452454644,0.856316518945892,0.696716600593942
"28604053",0.962168858133174,0.333284738938063,0.643699268424755
"28604138",0.945725102447327,0.457936027422201,0.698519754135531
"28604204",0.849177682292218,0.875939029578749,0.861376726141432
"28604213",0.464244935088,0.423300159117741,0.437043209697993
"28604269",0.871065123593768,0.82338086142752,0.84583821325309
"28604304",0.61722418297488,0.142488485518827,0.372280290833706
"28604333",0.658797486991923,0.154790476912091,0.399574784902896
"28604416",0.971269002727848,0.586179440548316,0.776432030657191
"28604425",0.436063208595108,0.851027410067513,0.639462386513737
"28605074",0.970324485570331,0.5462163257138,0.755707260420896
"29110031",0.798482595728546,0.306185482362402,0.547042829204592
"29110037",0.877827405025454,0.0566446286780172,0.460817502944113
"29471907",0.846936844118666,0.912665069468036,0.878847741873902
"29471910",0.626427262020068,0.210643840332464,0.411471896152635
"29471930",0.625980950972099,0.649839372940426,0.633752589641687
"29471957",0.190658249584804,0.251978351232592,0.211642083975407
"29471972",0.260048756375285,0.394849629718933,0.319178905727021
"29471973",0.339665526677274,0.55989868990242,0.443132380288229
"29472007",0.695047003926886,0.581011217042563,0.633873113896076
"29472018",0.475001274168674,0.271796881636626,0.365737494412904
"29472045",0.936935420423487,0.740354513241646,0.837146553403709
"29472059",0.389415425248514,0.335289529838582,0.354544558367173
"29472061",0.276073705831326,0.974750077791887,0.621088753360497
"29472065",0.376171254553521,0.969153869651912,0.668965359148135
"29472070",0.463358290836845,0.885814411179146,0.670914632723922
"29472073",0.376701627184374,0.968830131913926,0.669070045253611
"29472104",0.942738095526696,0.944706071166518,0.943615639527784
"29472110",0.91684638497323,0.973418144285353,0.945044501657025
"29472112",0.940521394481216,0.927005173069798,0.933524914502168
"29472114",0.561625836055086,0.954531312596325,0.755512887891268
"29472117",0.91684638497323,0.972514171809219,0.944586527901138
"29472129",0.945918423026199,0.975289389417672,0.960721098006982
"29472132",0.515273497863889,0.581242352776621,0.542912718694718
"29472138",0.82909571394485,0.97843492536193,0.903129563624436
"29472143",0.541569638198491,0.816124337790895,0.675231710897832
"29472147",0.854705775243708,0.952956455991263,0.903196231195838
"29472150",0.500392400206672,0.987367497202827,0.741126171313648
"29472169",0.293818532118764,0.767536230591438,0.525099283080658
"29472181",0.956419790292104,0.516015490901565,0.733362359658788
"29472190",0.932258380003304,0.222366432935887,0.57235208816358
"29472217",0.444358252192986,0.190717840708519,0.309136464941021
"29487361",0.685140410012163,0.890497187666963,0.785647084852146
"29487370",0.8972369842655,0.55681113539681,0.724046990387126
"29487374",0.912643568924472,0.478990211826618,0.692426415682699
"29487392",0.222216857001561,0.891111665694538,0.5514304144997
"29487406",0.903129686477916,0.824654436730163,0.862728099574588
"29487419",0.641201433777778,0.685099233992098,0.65932712126201
"29487452",0.659212608223186,0.661942311482839,0.656720164048306
"29487460",0.663631875722983,0.294278601808822,0.472691970846169
"29487475",0.679919387885293,0.37979630946258,0.524268893948303
"29487481",0.928342415131431,0.556090268038791,0.739440526183923
"29487488",0.715469836984857,0.380022325630972,0.54239409422119
"29487514",0.944572977177465,0.713605005145614,0.82746398853639
"29487524",0.5402710734034,0.682340117551945,0.606795589167429
"29487537",0.891124063351678,0.943167193406283,0.916687122961166
"29487571",0.978688293697973,0.952607790252369,0.965832054052878
"29487579",0.768256206797822,0.951424274564921,0.858622603677036
"29487587",0.901004884203001,0.66657226049166,0.781563469449132
"29487609",0.768383567528954,0.69151294898303,0.727009926031598
"29487662",0.926829450425137,0.664544010650704,0.793619244018684
"29487683",0.6169991137145,0.367008473076882,0.485913381299396
"29487689",0.679399006895494,0.304893455916621,0.486057706203772
"29487710",0.557149547556281,0.454361589902211,0.499847328108371
"29487723",0.898010349980098,0.35588256622552,0.622643648241909
"29487737",0.898290950116023,0.307243036550389,0.598143875100104
"29487742",0.242359470413861,0.974227677536403,0.603743667042038
"29487748",0.185048475876249,0.631944330966911,0.401299758561068
"29487760",0.229156704683423,0.520525306607212,0.367198523551426
"29487773",0.914281986461422,0.353070137393697,0.62946239996415
"29487783",0.395693532555957,0.485805384790803,0.433980074040695
"29487828",0.24159077978918,0.547488396691759,0.387158055716216
"29550032",0.90115697154936,0.280269130438044,0.585930252689674
"29550040",0.728859520318309,0.31592855304784,0.516706207913206
"29550048",0.739270006632105,0.64937461067406,0.690912035050575
"29550056",0.788401191784093,0.937160019223351,0.861601919877298
"29550058",0.920205519720719,0.322752942405296,0.617103996166637
"29550065",0.926653289397712,0.640173117714205,0.781183128100771
"29550067",0.589848785123298,0.928445054421814,0.756595385842911
"29550074",0.595932744377478,0.647409958514551,0.617298661592214
"29550101",0.289242704306533,0.969968194843943,0.625337863704544
"29550104",0.142693709390199,0.471326751495106,0.298469185647008
"29550194",0.950835470593855,0.581964719818882,0.763944644992332
"29550196",0.921371618249581,0.360273293717516,0.636703463189576
"29550415",1,0.382077287675256,0.687584871119573
"31236760",0.810019481644416,0.285741875352731,0.542530474437547
"31286569",0.754772709648335,0.97295918343871,0.862701638564621
"31286577",0.289242704306533,0.943324719810654,0.611839651476837
"31286586",0.963999188043225,0.945976620087443,0.955030699972465
"31286611",0.274087839690699,0.217933178663734,0.236661393499548
"31286612",0.748692282015772,0.722843356302139,0.732906579380467
"31286644",0.93830512030314,0.31592855304784,0.622816283840698
"31286662",0.66125467891279,0.685382630333754,0.669630143007779
"31286698",0.260402225524739,0.491714447999824,0.368431980804854
"31286732",0.910253421323871,0.916217043709554,0.912724925599351
"31286793",0.240394122999273,0.597962767600687,0.412123306774635
"31286977",0.539472918849916,0.135131970901958,0.329162684806317
"31287022",0.586240739276559,0.366398822153824,0.470021600555412
"31290865",0.894004091826832,0.753943893789031,0.822281231164455
"31290892",0.714652804650232,0.452366488819548,0.578631424040189
"31290931",0.0985132149049073,0.130841707500052,0.103588560330481
"31290988",0.435265485234332,0.556960212714477,0.490076870047587
"31290994",0.323687528887046,0.460120445266352,0.384487540416563
"31291045",0.200090712035715,0.20874661422922,0.194518575105726
"31291161",0.555129629824079,0.786754855293117,0.667222250317401
"31291224",0.334945087166222,0.575048519321845,0.448416154953989
"31291240",0.91233404930399,0.373499696714682,0.638825625217771
"31291287",0.315881834646157,0.291717274898634,0.295215977757473
"31291816",0.601434157536322,0.204984569119328,0.395942680390691
"31292016",0.949963700057963,0.231081253263688,0.585737153794946
"31292082",0.404826291555774,0.877756884701555,0.637178809986471
"31292090",0.848864155016889,0.923620934148372,0.885374662176487
"31292109",0.561173429116876,0.972312996070282,0.764292307698177
"31292132",0.409776794367754,0.972191899888915,0.68752985513503
"31292133",0.686126577727158,0.976568578959526,0.829752495503041
"31292134",0.8752683217921,0.979688131025777,0.92715659820024
"31292148",0.942645929345844,0.972999755995087,0.957903193361317
"31292169",0.852202566425616,0.882346268095399,0.866155261716428
"31292207",0.621426781432353,0.99309495099794,0.805346703708403
"31292386",0.561379460535995,0.954731960141761,0.755489721022368
"31292388",0.560226080378702,0.957871185525278,0.756495797004629
"31292444",0.549063154504645,0.749283479313718,0.645164949006829
"31292649",0.84837158513277,0.899329849562571,0.872818678867435
"31317455",0.49800934016571,0.56857321045705,0.527747803614746
"31317467",0.640905063426035,0.540100239365562,0.585717065902172
"31318522",0.467923115915755,0.357351833379773,0.405495687071988
"31318568",0.432461759318242,0.534638511967389,0.477347736892565
"31318622",0.743546622257924,0.70806304476359,0.722811612824268
"31318655",0.967960681387959,0.529954695376229,0.746271176439008
"31319038",0.239811580629824,0.350765503059909,0.286592218384869
"31319192",0.597235509172912,0.333650838344772,0.459000909836148
"31319389",0.326998825807936,0.57244371687879,0.44307073742716
"31319445",0.335412757393102,0.890350382167361,0.608392440597265
"31319508",0.441819943949453,0.631149612896658,0.530983611458684
"31319558",0.182392597808518,0.227770493551542,0.195190238940708
"31319697",0.701661477404386,0.48948116311028,0.590852880049499
"31320216",0.634091497213348,0.655575248267084,0.64076751305856
"31648543",0.828519361058672,0.700680715894541,0.762120742687555
"31648544",0.860351123035214,0.653651353592743,0.75442128027562
"31648546",0.986024383392517,0.624049569153433,0.803093353620024
"31739089",0.939010644409202,0.22378050544783,0.576489346862089
"37246862",0.47992541771601,0.999990460733498,0.73715220648707
"44071796",0.823872766131815,0.443256499639032,0.629349494807656
"44717100",0.94964683492835,0.954240346447863,0.951946058197913
"44717134",0.699084385114884,0.935720657502022,0.815622706566034
"48785152",0.881823627315494,0.147079238317569,0.508658387386999
"49060172",0.742298853556492,0.113064387124722,0.420739124430876
"49061644",0.483929639104335,0.134962733096628,0.300937410711912
"53826242",0.893458686987764,0.591656087790545,0.739786089864081
"53826243",0.893458686987764,0.455432587907328,0.670772055113465
"53826244",0.307070467369891,0.805428250301199,0.551010015722093
"53826245",0.872889095429808,0.910619486299613,0.890959423245967
"54905946",0.644315299596828,0.872863704134312,0.756030583751696
"54905947",0.815772138114183,0.863482806881111,0.838142074443334
"55441110",0.503203143672156,0.489891089181945,0.490516890295102
"55441111",0.755490327440754,0.305163085547661,0.524743962786338
"55441112",0.980043980271229,0.271544144887462,0.621475986791851
"55441114",0.878126926685734,0.718845960425251,0.796456045182244
"55441115",0.9319780700817,0.966818319558856,0.949366943154958
"55441116",0.958251540265184,0.875127548029571,0.916224996925114
"55441118",0.949067014501063,0.973950870052323,0.961638123186736
"55441119",0.499953256872509,0.97351209344948,0.733884216949772
"55441120",0.910145918835637,0.977562862539835,0.94374969956069
"55441122",0.438622717100486,0.958052572318798,0.694980562762466
"55441124",0.435614781488702,0.965512153467927,0.697235871281739
"55441126",0.78220983140316,0.974368692272307,0.877316021307498
"55441127",0.280836736319886,0.966003735884169,0.619070713940427
"55441128",0.201078298729414,0.976561178730898,0.584011859483478
"55441129",0.227180594319017,0.981280982320199,0.599627061160453
"55441133",0.486974343008477,0.778900276500452,0.628713861449286
"55441135",0.81575331187839,0.797814868739201,0.804863611892419
"55441137",0.512454426491058,0.94753372543151,0.727056350689722
"55441140",0.955548778230018,0.522044463016784,0.735975503754002
"55441141",0.823872766131815,0.443256499639032,0.629349494807656
"55441142",0.950611122373933,0.970693860500246,0.960770326836514
"55441143",0.906800906392611,0.925596733488535,0.915727772033808
"55441144",0.892684888843742,0.887363712117564,0.889206515464476
"55441145",0.911290734238378,0.921035709098263,0.915691702186823
"55441148",0.657431558991402,0.0454722320213756,0.343499574966227
"55441149",0.952496285616553,0.118105493380636,0.529784039410635
"55443233",0.296177880343814,0.785430862040481,0.535360426409558
"55443234",0.295625804643563,0.954401749832013,0.620685364913485
"55461512",0.9514461767705,0.457936027422201,0.701418185188094
"55461517",0.929258732203373,0.362020559421837,0.641584466930455
"55461519",0.699272504818465,0.850920457496449,0.772756233047957
"55461962",0.643784105771218,0.967487406756508,0.803700065723802
"56767120",0.645676952394608,0.830922962981286,0.735472261462971
"56767126",0.786981762682687,0.964462899571152,0.874715086146818
"57775972",0.258141291470337,0.683106933136584,0.464250480916991
"57775976",0.471882080076215,0.477053486426769,0.468145069451345
"57775978",0.532310677400402,0.359162280661608,0.439033158076243
"57775979",0.947955118038376,0.362562820706044,0.651331218863699
"57775980",0.980820415306253,0.317565951127402,0.645185078485919
"57775982",0.665710013757738,0.575283653284062,0.616108584682304
"57775983",0.291987910045917,0.9288352095837,0.605889710103126
"57775984",0.285772630120032,0.849110533283048,0.562350503354148
"63844613",0.876849699253518,0.381795760230714,0.625051398646686
"63853606",0.949797200444011,0.860399231990088,0.904480117234382
"64479086",0.882423895265735,0.374088248443163,0.623970610609533
"64488228",0.911147876211919,0.499950340948034,0.702287557790149
"64488233",0.923523392071084,0.912052118708876,0.917337756308414
"64488243",0.70296701813455,0.0421345903425578,0.364877983562249
"64488246",0.705325842925284,0.0387046902065691,0.364335351555574
"64488255",0.428225179165866,0.939176672194994,0.680149949298812
"64488266",0.715607478573029,0.0581284630592793,0.379384811423285
"64488269",0.921514673299698,0.0819719328158486,0.49578191145534
"64488275",0.69788810965681,0.0596278371966917,0.371167379891434
"64491324",0.409017001315377,0.897620179595534,0.649365135506495
"64491329",0.147225790685447,0.937987647746386,0.537186650361398
"64491330",0.360496382808595,0.970405149085191,0.661658027433137
"64491331",0.360496382808595,0.95485867607386,0.653781817898267
"64491332",0.589781561158284,0.812331471928942,0.697735451829228
"64491334",0.721753923844105,0.960300514775549,0.839560363875344
"64491335",0.568766856021398,0.96045083712192,0.762129667464537
"64494508",0.730352112300173,0.986193864529506,0.857034589825122
"64494511",0.285279874558326,0.970215174944573,0.623455326719913
"64495258",0.660327315603791,0.109041629564169,0.377172388118901
"64496962",0.635865085955625,0.0873185915234544,0.353773843286479
"64496966",0.683808869725742,0.119212296303939,0.394221396123961
"64502075",0.470219770546289,0.985433000232268,0.724859944451543
"64502076",0.371829790936789,0.973256469532161,0.668844345151105
"64502077",0.248011682753707,0.972541795012609,0.605753103181852
"64502079",0.971973870881053,0.701126518221624,0.835024031413962
"64502080",0.189330218160155,0.942916619299342,0.561014878513791
"64502081",0.134962902161729,0.963842370056841,0.544072593609711
"64502085",0.954662675924026,0.720754026634681,0.836197530387962
"64502089",0.177431790008225,0.973961839228149,0.570715094366306
"64502554",0.912235868698907,0.881426614834777,0.896103629147111
"64502557",0.650448890625703,0.939215027049392,0.792753149051458
"64502559",0.951281382416393,0.933884967350007,0.942461643802543
"64502561",0.433314625977108,0.632921573932428,0.527572334182682
"64517245",0.384279636371317,0.989953695465699,0.683610938271961
"64517247",0.30704658516989,0.967035035467195,0.632871721594874
"64517248",0.564134115330166,0.966216765851072,0.762703767224821
"64517252",0.48435581514335,0.786830167903216,0.631404723364255
"64517258",0.488974104379877,0.968381215440974,0.725722495911976
"64517261",0.535779789496499,0.963840835539623,0.747135095392776
"64517266",0.476105933523883,0.910636556617187,0.689948372610654
"64517268",0.721753923844105,0.852511558299397,0.784951938791895
"64517272",0.559617247842733,0.989927457762572,0.772427810924589
"64517275",0.63911056645737,0.823696945492692,0.728484704909653
"64522923",0.409017001315377,0.952589765715636,0.677214023033038
"64523637",0.448186018092903,0.853536757350973,0.646875381903252
"64523691",0.39789356353921,0.872801119223523,0.631155819064406
"64582224",0.347002220755352,0.92857418248696,0.633629013682877
"64749076",0.995162509095329,0.957839714497027,0.976828895837445
"64749078",0.990140795665658,0.259521720200305,0.620500427752784
"64894829",0.861272485678147,0.949051423267152,0.904544699838568
"64894830",0.920692950183425,0.947303969286531,0.933763205866776
"64894832",0.913990787397285,0.956824968270426,0.935191294702219
"64894833",0.949150444288477,0.58122935858733,0.762718419636745
"64894834",0.944933397942456,0.916164034007667,0.930267762922912
"64894835",0.867955406514452,0.965948151882462,0.916490705836477
"64894836",0.915937267074336,0.756681772653332,0.834780168478987
"64894837",0.909638954609391,0.801668706332445,0.854380735570693
"64934665",0.139834940468142,0.971633623121683,0.550488115391946
"64934667",0.166740402333746,0.963675610565929,0.56008733965374
"64935336",0.683930532206647,0.908196706848334,0.794001125703497
"64940817",0.685245634523861,0.826581895852434,0.753319401258258
"64940818",0.360280097923064,0.949157234453533,0.650783758216421
"64940822",0.738601745898065,0.960176608251054,0.848033093532902
"64986726",1,0.986307938883899,0.993702355956258
"64989341",0.731744761550588,0.396632619216294,0.559054520580842
"64989342",1,0.197152755581938,0.593897745953425
"64989346",0.716853358132347,0.373017046695299,0.539545979265358
"64989347",0.736511942018191,0.252926732373553,0.488664898245491
"64989348",0.656988310119491,0.326294363417543,0.485546123164274
"64989349",0.563447788434731,0.3426937058726,0.446464584159431
"64989350",0.740352550214135,0.388235636144332,0.559161319660558
"64989351",0.913104029955079,0.965855252972016,0.93931699749031
"64989352",0.61705305256035,0.438791208262281,0.522307532985496
"65100044",0.760415318272512,0.195900070159126,0.471883861124399
"65100045",0.606328778127297,0.474189696177874,0.534808070911684
"65100047",0.957209121665108,0.794517895857557,0.874858133978884
"65100048",0.962025664805608,0.776639147343543,0.86824051296386
"65398839",0.90718523036211,0.673201799160461,0.788053258930556
"65401665",0.828617711974637,0.853047982550194,0.839363416957285
"65403094",0.593241940849768,0.985131646911481,0.787033201893383
"65406799",1,0.995448481423447,0.99833317017704
"65410691",0.459486432199916,0.96319605344658,0.708156421154958
"65410692",0.476128731275768,0.976354809089747,0.723254337650618
"65734901",0.704811354941638,0.837594271247301,0.768810985080657
"65734910",0.780987012441417,0.92771323460399,0.853059758254652
"66158194",0.779984869245024,0.962536913175231,0.870194544981465
"66158195",0.9319780700817,0.966898863343929,0.949407748534255
"67332795",0.213459476836938,0.729737068434735,0.465237546072253
"67332807",0.640320611192541,0.954819535927075,0.79552753591944
"67332812",0.576281619524394,0.514583026724016,0.540049685395519
"67332818",0.420662721165838,0.959856891111968,0.686795716061144
"67332820",0.865963583419469,0.929485300691187,0.897008661770728
"69978182",0.849645206844286,0.827896430973106,0.837274072657919
"70724551",0.762456566071119,0.69151294898303,0.724007167440543
"70813703",0.930005475623021,0.298308775649645,0.60968489390018
"70843024",0.937593297996034,0.0860144040024172,0.505975732724605
"70912704",0.708185898510272,0.37824785803463,0.537804892270719
"70912706",0.740063481153615,0.0971358663794366,0.411536868182811
"70912711",1,0.0574278789012008,0.523109831217445
"70912714",1,0.0519953833072608,0.520357600948628
"70912719",0.921880682113602,0.518290239456978,0.717016474858125
"73232406",0.927688272427841,0.0524150482531928,0.48393538809524
"73232408",0.863371742156453,0.157538335279142,0.504609052559401
"74517187",0.757178145459813,0.683784806006144,0.717417735864999
"74686088",0.57484963983463,0.326224537996297,0.44389736223594
"74686089",0.871514933668783,0.227205055640121,0.544029387278231
"74686090",0.391361707301634,0.785525748849503,0.583630867769059
"74686091",0.61305425914522,0.679789991679789,0.642377312134776
"74686092",0.435904830299164,0.0984211962137179,0.258094107426846
"74686093",0.521093538799451,0.376220318219809,0.441992295111748
"74686095",0.771008170920267,0.283100081958226,0.521428030457028
"74686096",0.656574001530326,0.647761627785948,0.648199115239296
"74686097",0.57299505363649,0.463293574230373,0.512400188558605
"74686098",0.96677579625404,0.918162158662536,0.942345933590163
"74686099",0.293160520298539,0.67183479549958,0.47628131684545
"74686100",0.723469383787228,0.735354794830127,0.726466654387662
"74686101",0.656527218735034,0.772535336492323,0.711388714732368
"74686102",0.794675796170101,0.369850428835431,0.577368376814308
"74686104",0.876469478987728,0.460892436221689,0.664931009840941
"74686105",0.652064808983045,0.45101542187869,0.54623838838528
"74686106",0.35362606795292,0.907544274206459,0.626330563701418
"74686107",0.77261623492296,0.445381243628184,0.604458173754774
"74686108",0.664898728461149,0.360642812677352,0.506955461198238
"74686648",0.937641132711744,0.514883980844615,0.723275399608651
"77610758",0.441184239152385,0.472766344833136,0.450420852988842
"77610966",0.785166798225679,0.801484539702504,0.79122690516901
"77663859",0.438143578239827,0.270975155054356,0.34664821116299
"77672325",0.888887181173122,0.681627044488237,0.783051463870615
"78631712",0.712563729081569,0.634728214832533,0.669961796354922
"81735351",0.966231290640915,0.18876058114594,0.572538048824478
"95708277",1,0.363612952838665,0.678230404033116
"95708293",0.938951745138316,0.411272557756349,0.671447398506969
"95708300",1,0.364020064861594,0.67843665657634
"96289271",0.875039508984798,0.309975837449103,0.587748648496355
"96488848",0.472909686364507,0.306303912536732,0.382159921660756
"96566696",0.915576883506342,0.644437310044021,0.777731900200528
"96590842",0.985291005064775,0.888666774882585,0.936783118234935
"102882447",0.966979984303433,0.966773529437125,0.967077045886773
"113626898",0.968839326216092,0.98714433165997,0.97833936069438
"113627473",0.983404677998479,0.975864999330853,0.980004135574879
"113627830",0.848179182961858,0.836657191055124,0.840969757895831
"113627960",0.971960060657729,0.417519093252263,0.691334830957497
"113627962",0.984862970108171,0.562475532266224,0.771310096385061
"113628107",0.305795657403861,0.466396600291093,0.378602744768208
"113628157",0.764486608965838,0.827335726774534,0.793846654500158
"113628158",0.842492681147697,0.950889878021117,0.895961812868265
"113628353",0.903932797062541,0.602432059619707,0.750551882052868
"113666302",0.920313128317673,0.612112819523122,0.763755044887451
"120418442",1,0.280822875569429,0.636287000181626
"120418446",1,0.255754427767433,0.623586733860219
"127353237",0.935486789576069,0.910316807567271,0.92251954585515
"129040833",0.809883412694089,0.771507684424279,0.788561943232513
"129041099",0.919889803554402,0.840378441552346,0.879185321122117
"129041965",0.879895450500852,0.575933735965009,0.724949320795453
"129041967",0.977363967824556,0.923151908700517,0.950238075725351
"129041969",0.834790244746668,0.922589324922558,0.87772185008225
"129041970",0.881864588854676,0.840539019301566,0.86000220387317
"129042967",0.867385959637635,0.756590472287672,0.810136677245017
"129042970",1,0.976718860933055,0.988844303127684
"129043854",0.986817144785249,0.545737336610338,0.763820163014828
"129043855",1,0.491879546600969,0.743213282661574
"129089162",0.941290886551429,0.402843931271334,0.668362321888574
"136987246",1,0.279076445946914,0.635402217785335
"136987390",0.701589975506277,0.503809864640543,0.598075913312508
"137305230",0.653669846118477,0.460892436221689,0.552055466205335
"137305231",0.941503231289099,0.720762569717886,0.82953497379919
"137305232",0.987129350321854,0.969150166832423,0.978489249975786
"137305233",0.927125185339795,0.82338086142752,0.874239561425607
"137305234",0.901750747765777,0.939018701017736,0.919969127681026
"139897198",0.270069324776932,0.539892235799369,0.39773756353145
"158090366",0.523860209646035,0.809254416826855,0.662779233292035
"159321511",1,0.393068581330232,0.693153319462987
"160725692",0.683370726931454,0.536292748623855,0.605302207091448
"163364752",0.221402299230361,0.953612507359846,0.582682139377963
"163364753",0.976091459962798,0.262703615874496,0.614994726574707
"163393999",0.93878918530459,0.601946690579217,0.767965050233278
"163394257",0.795796104357596,0.957960072269245,0.875886153792281
"163394258",0.356011317966824,0.503598738659245,0.422890661452381
"163394259",0.692200520680275,0.978223625304173,0.833668183592397
"163394261",0.223017901457229,0.626702599969134,0.417880379769663
"163397788",0.240394122999273,0.742934351139868,0.48556932682846
"163397789",0.290452388384707,0.61653256158511,0.446891898671621
"163397792",0.29703219737986,0.742934351139868,0.514263509820828
"163397793",0.321464875602797,0.668513791021411,0.4889384710338
"163399445",0.547756409109689,0.738338010744723,0.638957688724976
"163400032",0.257039642175664,0.284049145275266,0.261520281462814
"163400037",0.864844562115139,0.56570287693255,0.712140991862708
"163400039",0.951934631509674,0.745489609824503,0.84734706807513
"182705407",0.57494556989649,0.242609847329224,0.401584790237144
"183704164",0.795764277541076,0.480754750320239,0.634106569525066
"183704168",0.727546636864534,0.422753573838293,0.57016114277399
"185429129",0.940525889518587,0.636953458100505,0.786580158767203
"185438827",0.946048758229875,0.924740482341911,0.935177861529872
"188864814",0.981945150101322,0.259131304711155,0.616150526917582
"188864817",0.984213105101124,0.75642886763867,0.869242189105106
"188864818",0.771748833449751,0.385170165387441,0.573514376795312
"190769104",0.995614374761712,0.670584166772093,0.831527392813647
"190769106",0.962389170094341,0.479795732237182,0.718036804965206
"190769108",1,0.582624860503648,0.789186996833535
"191127167",0.909755905214946,0.951152637912572,0.930172067394766
"191200268",0.476974752810952,0.895781647407842,0.68286268991458
"191200269",0.509994306106485,0.843451649684829,0.673079563773273
"191200270",0.770281464733254,0.867907065526153,0.817336861127751
"191200273",0.499347870756608,0.914335541614862,0.703597278596894
"191200274",0.476105933523883,0.977669618637218,0.723908901268754
"191200275",0.332529316978048,0.874917420150007,0.599112919552363
"191200276",0.430203096166889,0.93097915539511,0.676998953493965
"191200277",0.619145271468259,0.995210954044267,0.805262854004174
"191200281",0.283311636456949,0.942959746916,0.608649928887955
"191200282",0.261791849442386,0.956593600053225,0.604654728976645
"191200288",0.270761544599185,0.760012382842423,0.509606311385326
"191200290",0.904046742130294,0.96774479514724,0.935685648657205
"191200291",0.796099162968962,0.666526560427387,0.728392606545024
"191200292",0.953502709099156,0.979106836556853,0.966497484700866
"191200293",0.760892470632347,0.780136762900908,0.768113672130606
"191201972",0.971614615884202,0.798245910031082,0.884044996593864
"191201974",0.970960113225884,0.855067675776672,0.912500655491742
"191201975",0.974809817434442,0.788947248337736,0.880952839875116
"191201977",0.953320548849896,0.728928451517075,0.839658933440816
"191697530",0.321149987573753,0.700918983344993,0.505196175303913
"191698075",0.723622998749857,0.778883835704102,0.748597317088966
"193803703",0.75365535148154,0.533165478105909,0.639325705011461
"193803704",0.726980238900294,0.624036391429701,0.671848810254594
"195549654",0.661324473186788,0.251928366965978,0.450067359522869
"195549655",0.989841282853727,0.902595322337498,0.94614492650314
"197717489",0.277897140484186,0.273777491907913,0.266883319934596
"197717490",0.20576057630975,0.57715606631595,0.384035970863001
"197717491",0.276328218053478,0.394374917216242,0.327185964052185
"197717492",0.224375122267697,0.873721611468446,0.543713631319869
"197717493",0.754772709648335,0.94051825216123,0.846266298403447
"197717497",0.901105783653478,0.826995179054062,0.862888617930414
"197857277",0.290482538743132,0.767536230591438,0.523409190233601
"203484199",0.120095199692554,0.187970177562488,0.143465131340016
"219673832",1,0.310297647969605,0.651219614366668
"219673833",0.999525677370735,0.366162739126189,0.679281882824643
"219896193",0.964799654566843,0.662020532435133,0.811577390571659
"219896195",1,0.515961917764658,0.755413979323992
"225998887",0.583429027508704,0.414139587153743,0.492783717544978
"225999366",0.627831110512118,0.668546733724681,0.64416751381602
"225999367",0.486691687634886,0.704701856384566,0.590979993676833
"225999368",0.790565593396495,0.564737591083455,0.674020479587117
"229053047",0.646635141821959,0.546749252592361,0.591988605395461
"229061133",0.981284642271107,0.299690759265355,0.636364273430355
"229061211",0.845536796612464,0.962950917945605,0.903614440497428
"236186036",0.768461316455865,0.285252847234944,0.521228375588984
"236186045",0.929554451845646,0.564648569433608,0.744390409679503
"236186051",0.820688021561987,0.868770569010695,0.843311481712011
"236186052",0.954419422977594,0.812597728894339,0.88260447630768
"236186053",0.7896518754067,0.348708610774039,0.564112197006287
"236406391",0.409255135376812,0.4923422210633,0.444162416846532
"236406392",0.898798276551326,0.73451114508821,0.814864989738949
"236406393",0.478519438342449,0.172447149716962,0.317186964201225
"236406394",0.802359884158995,0.0620940383527575,0.425344678041651
"236406396",0.306044069767402,0.544351210396888,0.418222238577491
"236406400",0.793835856591861,0.715403727127885,0.752008286504629
"236406403",0.365150278694395,0.584124690068408,0.468317018633195
"236406404",0.821504880577354,0.709275228007133,0.7629212239408
"238193500",0.839834679430432,0.932771357558834,0.88543593719391
"238193503",0.869308816769812,0.825049591636571,0.845793844876491
"238193506",0.796000809541212,0.836374481007965,0.814391736918496
"238193527",0.286759483494305,0.915045713370896,0.596254782328746
"238327266",0.61722418297488,0.161399965955481,0.381861292416838
"238327267",0.862607192030444,0.191137637497351,0.521243911624552
"238327273",0.903429601008772,0.241439620582536,0.567409675724663
"238758031",0.865520571699226,0.285741875352731,0.570648634380754
"239209575",0.734156153133237,0.920814651025913,0.825839156510736
"239209577",0.168917702559617,0.945051157910777,0.551754824703851
"239209578",0.379930289853842,0.987276012423013,0.680050879525311
"239209579",0.90480723715927,0.486760614207942,0.692393014303393
"239209580",0.912650233351644,0.844460587286273,0.877585695490702
"239209582",0.14473812622747,0.916616301095102,0.525099113165382
"239210557",0.822177409917923,0.907451321018068,0.863662621312353
"239210558",0.532145216468663,0.0870637070566402,0.301097783071433
"239210559",0.168917702559617,0.910126769561948,0.534061306674903
"239210560",0.794324697762214,0.440819755428241,0.613145235125535
"239210561",0.37476759352059,0.0828834403963428,0.219248749554992
"239210562",0.518936867069732,0.117979559007043,0.310068821089701
"239210563",0.85884788832291,0.925391117353844,0.891329473227997
"239210564",0.464081859671612,0.495960969026896,0.473772270189862
"239210565",0.289730941966475,0.916616301095102,0.598555889951912
"257441631",0.932001152730675,0.553492140034764,0.739977855995035
"257441632",0.905529200034544,0.937795144669912,0.921263498153253
"257441633",0.899092184272356,0.823276108994544,0.859984312518137
"257441635",0.916021922890636,0.514711034040406,0.712234979593603
"257441636",0.925206825129491,0.457332053540278,0.68781872399344
"257962623",0.920845452937433,0.86157604105508,0.890408678984395
"257962624",0.91951496285725,0.840366177391121,0.878989204679866
"260088657",0.270069324776932,0.721087271197006,0.489535237796845
"261491870",0.331247801121006,0.931162545599985,0.626958779229424
"264291312",0.94964683492835,0.899005812939243,0.923962942081634
"279218810",0.726694873338489,0.224678221548993,0.469379978764185
"279218811",0.722681265071001,0.250121631012017,0.480236820980656
"280851104",0.561082611434237,0.97521123103206,0.765714611440395
"285587766",0.921782126582856,0.918147602709099,0.91954370600106
"285587773",0.314752039294621,0.73822793343758,0.520856417150283
"285587780",0.855440836815149,0.696573951681758,0.773679213117779
"288311468",0.26655744619285,0.424554454879455,0.337525525680863
"288311470",0.547595803343335,0.251345998492838,0.392154694105201
"288311471",0.944523136749469,0.252106188916869,0.593632564025082
"288311472",0.258826648507504,0.957504116745893,0.603613777526893
"288311473",0.93791116461663,0.973781640334773,0.955900571017876
"288311474",0.198099741092026,0.942763924451697,0.565380366651702
"288311475",0.219005953087812,0.969618778126531,0.58957724787076
"288311476",0.15301154122235,0.95130370143857,0.546864074462202
"288311477",0.270426282711284,0.964375385814644,0.612971572337764
"292566719",0.985982951905195,0.99080615939324,0.988879893618031
"292566721",0.978602989856392,0.988385596663711,0.983914716844523
"293802014",0.726297434536831,0.726755195611366,0.723542651943468
"294196301",1,0.980794947152054,0.990909344447322
"296155990",0.718392621604896,0.107212403946773,0.405662911480634
"296360425",0.542326233480782,0.414359891111682,0.47207168479879
"296860535",0.840616647348024,0.45735771683722,0.644976348439242
"296898029",0.74048276205935,0.970096172941057,0.854011545838462
"297159588",0.829428326256632,0.793985801956493,0.809851800935377
"297421766",0.918366503958979,0.847566563841872,0.882055253773988
"297446091",0.546429635410875,0.631967439498898,0.584395676201951
"299101580",0.30754538021491,0.730020247350542,0.513047146694686
"304134570",0.78820985086276,0.271623722569326,0.524328612749972
"304134571",0.857877814340168,0.214382939339624,0.530624515073746
"304194822",0.912138865034869,0.351642022816652,0.627653127658958
"317784220",0.906601517066528,0.864766243520797,0.884808597192312
"317784222",0.913873306768404,0.870152204518075,0.891221311939511
"318406088",0.948756576298155,0.4335815093757,0.687716997530608
"318406106",0.966231290640915,0.4335815093757,0.696570099557367
"329159952",0.880214450665507,0.560719606148908,0.71740309715371
"331053882",0.869573989217708,0.0198616553693853,0.438001007066496
"331354674",0.939785616543315,0.930093520354236,0.934716781564564
"331354675",0.296983693610514,0.532215465614941,0.407483784285059
"331354676",0.277041376665667,0.549830939204312,0.406304950615893
"331354683",0.481236738380681,0.962320668450927,0.718732148084018
"331354685",0.481236738380681,0.973191782313217,0.72423971051277
"331354686",0.481687165819925,0.977794929742157,0.726799970613756
"331354687",0.862609960467437,0.970454261335332,0.916065478141363
"331354690",0.950332047435979,0.90889787809738,0.929321640169834
"331354691",0.440573384361945,0.680443298338492,0.555325417506982
"331354692",0.518227894883439,0.750457030532652,0.630137628638523
"331354693",0.533777806075968,0.694968764949835,0.609903917273474
"331354694",0.884850395434824,0.85869962372795,0.870715473942628
"332250382",0.937749405531397,0.982409564772764,0.960189729866096
"332250383",0.977244923435656,0.641064270324854,0.807265520858779
"332440722",0.865982879011701,0.931063475779303,0.897817978057134
"332440723",0.918746368483472,0.920844727647619,0.919372146462863
"335529117",0.276998838532046,1,0.634349652916199
"338936694",0.573532309092123,0.984386612791188,0.776670386205029
"338940730",0.31242846302041,0.805428250301199,0.553724502564199
"338940734",0.807812700288035,0.883808738978822,0.844407231821706
"338940738",0.954158036051395,0.946765253209569,0.950444480616847
"338940741",0.780459762573209,0.942715522393547,0.860393153527692
"338944243",0.849645206844286,0.825049591636571,0.835831796772558
"339518644",0.900567448677325,0.248295220791058,0.569432850513151
"340055008",0.168110984112663,0.240645531519023,0.194477634534855
"340055010",0.629850831181103,0.572798166546577,0.596682271727386
"340055957",0.860627424456947,0.211841939729767,0.530730202071851
"345001477",0.821094847254568,0.305399727485569,0.558100646684856
"346342498",0.85117150440801,0.873047377653691,0.860921864405315
"346472116",0.972230862941336,0.832791348155765,0.901858734789612
"346507716",1,0.580478507285819,0.788099603720824
"346507744",1,0.37278473947423,0.682877047249116
"346507752",1,0.765345155388283,0.881757403493338
"346507754",1,0.814705023216654,0.906764275556627
"346507765",1,0.405118960194388,0.699258325327628
"346507768",1,0.395975880249073,0.694626225597298
"346507782",1,0.777810041865448,0.888072408681393
"346507786",1,0.483994694789708,0.739218630950435
"346507788",1,0.760805732219063,0.879457624757533
"346507790",1,0.585975324627403,0.790884420902552
"348284961",0.5724177873847,0.837390350211531,0.701633973086201
"349145297",0.955987596558204,0.960661481331982,0.958411535668791
"364691067",0.914659601682013,0.921934695005579,0.917853897253941
"365726102",0.572010901321109,0.849067330369259,0.707343668301215
"365726103",0.569418750178743,0.926726036811648,0.745374153940815
"365959170",0.882540023233362,0.150800168697572,0.510906441442163
"365959210",0.878000788986945,0.199663678586657,0.53336216385512
"366167406",0.945745248131111,0.692245054238654,0.817236434208196
"366167408",0.897846798584287,0.502247956395751,0.696712944585284
"366616620",0.927015369899006,0.468023917750641,0.694151725718354
"366616622",0.916958276976581,0.497243331947719,0.703859809180349
"366616623",0.921647632077701,0.53873300978206,0.727255195339785
"366636317",0.18758274460034,0.234473764734412,0.20121572472042
"366636603",0.302549197807742,0.520525306607212,0.404380889848418
"366808341",0.187440042523425,0.837613573867662,0.506708267024674
"366848248",0.986024383392517,0.316526060653202,0.647294698318545
"366848249",0.93588828288484,0.46681984590894,0.698036941335864
"366848251",0.376740632659131,0.592823649724006,0.478596062971802
"366848254",0.572394988674402,0.129683852830443,0.343081636107978
"366848256",0.769999759288194,0.249504994488553,0.503897082481472
"366848262",0.858685799568989,0.228512876839786,0.538192418696864
"366848263",0.986256968590676,0.608033002814673,0.795096816870679
"366848264",0.788348713590338,0.487482243314714,0.633757976566237
"366848265",0.925462021274351,0.368965742349481,0.643179557029525
"366848268",1,0.691340330224138,0.844264815357149
"366848269",0.692196465941486,0.927146740486391,0.807789376039562
"366848271",0.725731864525215,0.102505894219627,0.406996716148981
"366848273",0.886450424749883,0.408192183196198,0.643288402225356
"366848275",0.572552986836846,0.109121996379228,0.332744560741429
"366848276",0.992594267599939,0.25773307184321,0.620837243041616
"366848279",0.931274381389294,0.450680294614317,0.687522753157731
"366848280",0.636483328034698,0.115076886435001,0.368150065536323
"366848281",0.886450424749883,0.440034806865732,0.65942062565497
"366848282",0.879733537854272,0.541988971093884,0.707670074340526
"366848283",0.929352660259864,0.220376663474263,0.569871917984358
"366848284",0.634661464806721,0.129683852830443,0.374627300044658
"366848286",0.999537567564352,0.392894082714886,0.692830635185129
"366848288",1,0.380650597642629,0.686862076333252
"366848289",0.572394988674402,0.118982820856653,0.337660241171424
"366848290",0.987359656471436,0.54458597469065,0.763511705140755
"366848291",0.771094244854668,0.440034806865732,0.600978466887857
"366848292",0.938030359772356,0.540757140628652,0.736580543580759
"366848293",0.769857494163184,0.249504994488553,0.503825007617079
"366848294",0.963270229903889,0.539623310028989,0.748793231196174
"366861883",0.177274956194527,0.949206718810995,0.558094111375355
"366862903",0.305623386169689,0.977880956457486,0.637645494574036
"367117202",0.741896131976117,0.602713309628025,0.668602777479347
"367117203",0.49189203907908,0.890403585105957,0.687695485539891
"367122295",0.788013333968398,0.485384130574425,0.632525111997376
"367123481",0.281712458068037,0.966619332887674,0.619826251158596
"371895813",0.578030341099422,0.104887142266019,0.333374040592993
"371895814",0.533201688797866,0.300185943089263,0.409605763224615
"371895815",0.960877226568935,0.55240539917064,0.754056586854377
"373489776",0.768461316455865,0.285252847234944,0.521228375588984
"373489782",0.938519113048518,0.402843931271334,0.666958076123234
"373489788",0.756589295259364,0.223519464846599,0.483938143836074
"373489790",0.931233542351301,0.197401133264641,0.559184872213779
"378099766",0.235169815684138,0.947556137849455,0.586588788110187
"378099898",0.416507131049763,0.660577974937082,0.533068645624301
"378100076",0.134238677219423,0.971793235802339,0.547733780115338
"378281315",0.9154959824485,0.168380120850245,0.53650912487257
"379377383",0.570234001888632,0.983129183094306,0.774362342548636
"379801682",0.40147851146779,0.216660605726578,0.300555793977313
"379801686",0.405340646925044,0.225156725401653,0.306816777213617
"379801688",0.409425095221892,0.266128644634511,0.329643394626159
"380098290",0.73833933045868,0.0880329298136567,0.406051610667774
"395554557",0.502290397046995,0.362280467046668,0.425403923402435
"395554558",0.79481063714803,0.914402768861662,0.853319736677054
"395554559",0.358063163157629,0.362020559421837,0.352203333092932
"395554560",0.5724177873847,0.336427384217786,0.447834330781433
"395554561",0.358063163157629,0.965109556267755,0.657742428929703
"395554563",0.661217101133138,0.304534099278579,0.476664265800917
"395554564",0.890049276545364,0.304534099278579,0.592596037628079
"395554565",0.568869285672264,0.37787443615001,0.467034629291666
"395554566",0.937205291348808,0.921877182477793,0.92924693766092
"395554568",0.289182874518812,0.516015490901565,0.395324416634646
"395554569",0.288045850944715,0.37787443615001,0.324762860472854
"395554570",0.257529992080689,0.85897522007857,0.553039800231166
"395554571",0.386385947624933,0.898248920654019,0.638218245506769
"395554572",0.735213977326769,0.906772834460305,0.819261160045102
"395554573",0.411701445254698,0.938968089518442,0.671672963467196
"399918209",0.859798047951164,0.787663635995283,0.822034859280447
"403277394",0.873267187602851,0.641241642759713,0.754677811008322
"403277395",0.942825474079639,0.548715212023909,0.743041607949321
"403277396",0.945445885540175,0.645517116408269,0.793411295753471
"403277397",0.918535565642467,0.61368429144197,0.763650634454352
"403277399",0.964324077810744,0.429704908104013,0.693639883054643
"403277401",0.8513073807852,0.632389665789009,0.739067835351251
"403277402",0.970310412730854,0.491058861796586,0.727756059943479
"403615226",0.578000948604721,0.535272830478062,0.55140268009532
"403903957",0.697432150425059,0.908914294831284,0.801204910599263
"403903959",0.711614410611072,0.789581357476617,0.747933099976356
"403903963",0.822684280065811,0.7846586570702,0.801709756864929
"405655294",0.923160799803867,0.0228741519408332,0.466675549670265
"405655296",0.922282393754046,0.0221434523299312,0.465860338828657
"405655298",0.908505496682187,0.0524150482531928,0.474216941916286
"405655299",0.924709601974413,0.0221434523299312,0.467090019703184
"405655300",0.923566868485297,0.0330057032022061,0.472014156221593
"405655301",0.897165715955073,0.0589021475638264,0.471758459171401
"405655302",0.897706638805116,0.0592648275507638,0.472216245659383
"405655303",0.915242553621068,0.0591029966183191,0.481018365924421
"405655304",0.923912174056374,0.0327707532848607,0.472070064995983
"406432859",0.966274636622009,0.942862494015129,0.954605806193252
"406432860",0.813615404763671,0.558822023433684,0.682701091172874
"406432861",0.701791828352951,0.865899758634124,0.781621448610968
"406948492",0.633715888091248,0.135639728176768,0.377165635384133
"406948494",0.637939388351034,0.132944178275936,0.377939731037676
"407191882",0.993373517663511,0.724413319619903,0.857663238968244
"407636610",0.26794589357119,0.461797547506327,0.35709717408716
"408057344",0.987788032504861,0.546741559232807,0.764820800451845
"409592328",0.987266323970276,0.966326998005229,0.977128360205859
"412190294",0.190034645754193,0.432592931982513,0.302829753845553
"419392153",0.87345816767061,0.790804346137333,0.830546555550874
"422603023",0.855873972016485,0.845901344090394,0.849551425075377
"441256452",0.595581806286687,0.939978995464252,0.765343235742027
"441256456",0.980333825748171,0.352445023320007,0.662609120547192
"441256457",0.980336964202447,0.356483472119383,0.664656683878117
"441256458",0.980776139411916,0.320828956825078,0.646815762844279
"441256459",0.945963043282998,0.325660736783374,0.6316265216499
"444286271",0.984340009601391,0.946934888526628,0.965821320816107
"444302003",0.321656241304842,0.887692521659163,0.600076530656551
"444302005",0.812681713553699,0.79986756511584,0.80434741215808
"446071889",0.174692974982548,0.439545433296965,0.298579602932209
"446071890",0.174692974982548,0.440268196721671,0.298945771912979
"446071891",0.157980542233308,0.418112235223845,0.279254127566979
"446071892",0.173301690695137,0.440273454327553,0.298243578138437
"446071894",0.245461815206171,0.728013025431549,0.480577243924483
"446071895",0.269839207794412,0.691486505227842,0.474422209615701
"451636752",0.917294191630379,0.0700116373292232,0.48758434849528
"452879653",0.738755011629098,0.331420597176556,0.529568131550145
"452879654",0.800918003287571,0.348708610774039,0.569819882844207
"454831677",0.794324697762214,0.440819755428241,0.613145235125535
"458722820",0.312730032973626,0.2582906032299,0.276684461297665
"458722827",0.946804878203534,0.37496483689881,0.657031633881943
"458722830",0.888164686080475,0.305412071344697,0.592086061029232
"458722836",0.88796225297306,0.356111025595527,0.617668788443845
"458722837",0.914016172014524,0.396277373161218,0.651217535794627
"458722838",0.947973833402579,0.381725012691947,0.661048718469446
"458722841",0.88796225297306,0.391609013857789,0.635652905704149
"460107355",0.715744902930361,0.0700232041798244,0.385480589957292
"461867328",0.858181802831133,0.192380016411207,0.51963132361558
"463590625",0.792187645660106,0.191137637497351,0.485567710201952
"463593148",0.57352132788653,0.129293628066248,0.343454569031692
"463694505",0.93300834091332,0.198770182186918,0.560777619424927
"463694506",0.981764660018565,0.197401133264641,0.58478512704254
"463694507",0.830105965493557,0.0430810511233163,0.429769069285218
"463694508",0.958300024968101,0.0774358067262279,0.512120128992568
"463694509",0.658782939672989,0.058171435090098,0.350617931755193
"463694511",0.691485028803144,0.0620940383527575,0.369172863875533
"463694512",0.642348249234523,0.0551339801902258,0.340752884122433
"463694513",0.722329199723907,0.0374420752938471,0.37230998227968
"463694514",0.835978916639943,0.423689461976776,0.625569633581312
"463694515",0.727546636864534,0.315807482582884,0.515979733071032
"463694516",1,0.0373229211093938,0.512924185885377
"463694517",0.706590881698024,0.275310882537498,0.484846521975025
"463694521",0.330580322175274,0.468445343683196,0.392197181594908
"467946463",0.995298835866003,0.740849876645062,0.86696579760265
"467946464",0.991011276504916,0.760165032037349,0.874579131833562
"467946466",1,0.578596732074076,0.787146252060006
"467946472",0.631924785340172,0.26538132562509,0.441988370778279
"467946482",0.999960338416569,0.44364577262338,0.718756822783536
"467947804",0.672035410102694,0.293881302613391,0.476748118234124
"467947806",0.891973435152487,0.379760363724602,0.631682259771682
"467947807",0.503167407964009,0.171384594633964,0.329135890928019
"498683948",0.728511793906068,0.324643159322224,0.520945066392508
"502681150",0.956310857225409,0.0682681278527323,0.506467807618231
"505474895",0.300002024586692,0.511131267892408,0.398331190521856
"530743825",1,0.614466986537222,0.805318968149046
"530743826",1,0.623736634710436,0.810015190325841
"530743827",1,0.555654462080171,0.775523157513362
"530743828",0.985483612519412,0.999784492510309,0.993175551625077
"542662379",0.678233671290196,0.622826573343968,0.646539728184445
"543015159",0.600203419541624,0.0745522083236247,0.329239052286257
"543015161",0.878126926685734,0.797814868739201,0.836463554806277
"543015164",0.81575331187839,0.845230158128745,0.828885314700274
"543015167",0.964418012122013,0.837816667326784,0.900446505576522
"543015169",0.67479447618161,0.748587308133112,0.708510702337216
"543015172",0.826443941607433,0.976600288441451,0.900856642985226
"543015174",0.821985762469999,0.936894053527489,0.87848191022108
"543015176",0.82625845294178,0.904139512347302,0.864052333560395
"543015179",0.919354227423857,0.696423022958136,0.805982778685355
"543015180",0.917187107107522,0.875620296831817,0.895670425677157
"543015181",0.788401191784093,0.823412552808163,0.803974773263812
"548450993",0.826627047802012,0.75367867095988,0.788012064983344
"554345670",0.467633046175754,0.440383491168525,0.447414525141873
"568520267",0.697095344478552,0.942088956103506,0.817841341835631
"568520268",0.658670025849853,0.876204123662793,0.764995361539148
"568520269",0.308780479191944,0.791966866077826,0.545056493576741
"568520270",0.293985845757128,0.74830562979527,0.515441372635708
"568520271",0.449742723711117,0.915705970407922,0.679160433819647
"568520272",0.449742723711117,0.981032211289656,0.71225624667282
"568779000",0.208940451117277,0.510706606244112,0.351982108204711
"577501885",0.230178426242024,0.590088462254407,0.402958485470807
"579736275",0.312473112281494,0.0517677916547314,0.171924976769277
"585593190",1,0.810323464944593,0.904544474897349
"586857494",0.684076813731698,0.867907065526153,0.773663553768988
"588328642",0.386187780655789,0.931782814664991,0.655106910285416
"588328643",0.386187780655789,0.949838291894337,0.664254240474505
"589713690",1,0.292742924698756,0.642325977931762
"589713692",1,0.372718015669525,0.682843243397501
"589713693",1,0.311426384563862,0.651791458920707
"589713694",0.975741248188749,0.425171803846093,0.697127513154033
"589713695",0.654933950247107,0.320235905755758,0.481435978646562
"589713862",0.804100432053249,0.409328780033161,0.602143782325853
"589713863",0.909006558410633,0.32563770696885,0.612891828195028
"589901080",0.982185537598874,0.223752833029416,0.598348745543321
"589901085",1,0.279748011292598,0.635742448612939
"590076247",0.513198188272668,0.191122996796276,0.344217660191842
"590076249",0.483668159344316,0.210079808342024,0.33886101913876
"590076251",0.494087609459337,0.21439569205184,0.346326286449621
"590241068",0.699102746677779,0.044275611956923,0.364004944588726
"591283872",0.37657389004496,0.19470553373608,0.276815569182008
"630904393",0.975127485113635,0.986084292166586,0.980988049169925
"632014798",1,0.215429700406547,0.603157276844512
"638513786",0.903457256068156,0.343184803222902,0.618970193283681
"638513788",0.616415457234835,0.223519464846599,0.412922774704863
"638513789",0.92360132378374,0.842392702684032,0.882086136870963
"638513790",0.923167836879443,0.864929497673723,0.893284193547063
"638513791",0.93961103109494,0.602091791539666,0.768454928240514
"638996002",0.796000809541212,0.817458990856975,0.804808703919604
"638998411",0.922552504000678,0.905180186815827,0.913364398921732
"638998412",0.92262198344803,0.91698689383653,0.919381154814172
"639625555",0.86003466079387,0.859781937635362,0.858691563790122
"639625556",0.656502124385389,0.848036733586386,0.749626788081804
"642106286",0.953466573384726,0.356584881075822,0.651094886934147
"666634183",0.302137062938968,0.576957766581343,0.432762106502493
"670969121",0.965337634681197,0.856216345826855,0.910234118696168
"670969122",0.976869188316427,0.926945268619832,0.951909214283093
"670969123",0.885924193661768,0.611454985130505,0.745999525912494
"670969124",0.961143111743572,0.562949266944964,0.759533062398646
"670969125",0.954306396837901,0.84611424643482,0.899527472107246
"670969126",0.984245770309669,0.696310840042546,0.838801528783101
"670969134",0.474562134087559,0.785565700066299,0.625802404582158
"670969135",0.557053423976457,0.660531935493448,0.604249384517833
"670969137",0.552357379572492,0.660520493229646,0.601864460853738
"670969138",0.468250632922862,0.788680458290578,0.624182859286611
"670969139",0.46621501453305,0.79689023126856,0.627310831476938
"670969140",0.408251931661027,0.96085740716293,0.681015002679583
"670969141",0.354581959862164,0.995897966907097,0.67157690358487
"670969142",0.323160795578673,0.957889263802793,0.636402096853728
"671543185",0.463358290836845,0.416262344858407,0.433028492299808
"671698935",0.953486982724342,0.700735072424655,0.825459822620105
"671698939",0.506275494714019,0.128355805204249,0.308911122335463
"671698940",0.489902786553268,0.10799252069366,0.290299802871555
"671698941",0.486437454740094,0.136518667188149,0.302996202074172
"676953637",0.919243638583552,0.838492898544093,0.877902698207584
"696092595",0.699744043754088,0.90902222325378,0.802430849314633
"696600510",0.760926931191858,0.743827624931257,0.749736065847571
"696600511",0.597190442955192,0.77081515626209,0.680455822188434
"696600512",0.421169720176078,0.740307885618165,0.575823874490042
"696600513",0.790516262250588,0.804185364327619,0.795305371080704
"696600514",0.571327885417943,0.791620550328889,0.677893744016985
"696600515",0.631594997260564,0.803830373696664,0.71461226710233
"696600516",0.583269615393442,0.900872357000547,0.739293245254932
"696600517",0.59652068400397,0.900872357000547,0.746006548835839
"696600518",0.695678798499367,0.656485295467738,0.67243014236979
"696630298",0.746826543150777,0.905182325163292,0.824338570022233
"696700009",0.864072349533423,0.878404973645296,0.870172020882151
"697797109",0.976655571845195,0.965488914923931,0.971328110531871
"697797110",0.949122788029462,0.973502704998108,0.961439328394195
"697797111",0.970741612048797,0.937008685757039,0.95390320400424
"697797112",0.976747329416505,0.984289864937366,0.980899601345898
"697797132",0.990902685274146,0.963848153691626,0.977714785586642
"697846873",0.652470921545257,0.973855389213214,0.811327181229944
"697885305",0.674473192860403,0.946189861487232,0.808458042094081
"699289076",0.937127005492487,0.56173938504324,0.746752982423538
"699289079",0.884206355444358,0.749444143645805,0.815037787611932
"699702737",0.336941744280473,0.920233416608107,0.624306510734828
"699711176",1,0.851768919548788,0.925541718741187
"700068769",0.859755936907353,0.779113784525985,0.817681968626749
"700068770",0.932178462653668,0.826805290266286,0.878534567114972
"700068771",0.870750122758545,0.826972642480706,0.847498307319287
"700068772",0.93814589460261,0.545139172910034,0.738859117051576
"700068773",0.819264288934733,0.8023628900383,0.808946490346095
"700068774",0.753079644170787,0.635700267201928,0.6909805782125
"700068775",0.928679539690911,0.835893863068415,0.881366415427406
"700068776",0.868801051835331,0.923724054409633,0.895527407013664
"700068777",0.928679539690911,0.717557788838257,0.821414571977686
"700069755",0.972641246709833,0.134314442210246,0.548201786751512
"700379543",0.897841643183174,0.375209795496934,0.632349807142233
"700379544",0.863398672567558,0.248547776924974,0.550730223650246
"700379545",0.679132219084011,0.144608584111646,0.404718452510111
"701420436",0.93190468357936,0.166428703765626,0.543833525614161
"701420437",0.93587787781133,0.144587774120665,0.534781309852828
"701420439",0.977209647429767,0.166688783898885,0.566917850503758
"701420440",0.749665241291813,0.215775831317449,0.476507147748935
"701420441",0.975790958210525,0.184219978454112,0.5750808253512
"701420442",0.975062697662133,0.215775831317449,0.590698809980323
"701420443",0.988429028581283,0.175904566280557,0.577270785844746
"701420444",0.752952097602327,0.264399696518409,0.502806342391517
"701420445",0.990968235409568,0.170129549246702,0.575631448152167
"701420446",0.986208168909381,0.234009656226078,0.605583053650384
"702275763",0.28141791336691,0.0643128254273992,0.162547290970285
"702275764",0.267550540691025,0.0691780456473325,0.157986588426613
"704357707",0.701488592586993,0.974569277596937,0.836522361014147
"704357708",0.699052421573813,0.982909324356686,0.839513403574985
"704371760",0.60854743026089,0.828676853400422,0.715523638664354
"704371761",0.795416320783713,0.974492520769908,0.884069474434663
"704772072",0.886856806389278,0.939565807161199,0.912700682910609
"704772073",0.882718295021639,0.943108338103664,0.912398745184674
"704808629",0.924289606991743,0.803555319729565,0.862758904067046
"704808630",0.942798001150847,0.784992852626426,0.862731509439527
"704998814",0.731250311613053,0.705305480425225,0.715184965057069
"706730775",0.474997351309199,0.661612379241562,0.563225222952686
"706730776",0.455259527274421,0.660381224173059,0.552601844066081
"706761925",0.519204500047032,0.664425610018938,0.587046855113303
"707113268",0.360498646344946,0.948400032031837,0.650510863408303
"707870072",0.363933260177251,0.356842443001493,0.352553906769032
"707900134",0.868666133858303,0.665627733945553,0.764701377152828
"707900135",0.586715542987049,0.437028802972728,0.506044959775029
"707900136",0.513887383064125,0.404726420851257,0.452783350080497
"707900137",0.834557986665216,0.63410850053167,0.73145299981937
"707900138",0.747907656958103,0.561366364085478,0.650701020847159
"707958146",0.524206462847599,0.718557103891506,0.617005257571487
"708004898",0.978054214419894,0.252978154890169,0.611061956542455
"709615125",0.629741544107242,0.108447120504295,0.361375723316575
"709623115",0.730883768393199,0.350471348946956,0.535231933986261
"715289021",0.692652930707917,0.62812282301868,0.656528069629186
"715289023",0.496035232656787,0.450150879532442,0.466752131113119
"716686791",0.818414427155187,0.326249516841721,0.567305677258572
"717038578",0.339546751782544,0.585615756437251,0.456101077982245
"717467085",0.301708321594525,0.509804749370282,0.398523595251088
"758011319",0.713718748837044,0.240837792175859,0.470992787579953
"758011320",0.605206441859375,0.363473487779776,0.478148029034504
"760074453",0.439595216835668,0.426830609915331,0.426343691191431
"760074454",0.363122111802343,0.514050517029887,0.431788274342854
"760074455",0.97970185184851,0.860538693187198,0.919701172580313
"760074456",0.280097734943334,0.591019923523207,0.428720683687865
"760075508",0.314752039294621,0.425257659153865,0.362298301965728
"761731443",0.705107402332908,0.325771355861861,0.509659421114909
"762422928",0.755865373170289,0.0248633105341867,0.382927499320633
"762422929",0.79948073454348,0.020135674783979,0.40262893739716
"767383949",0.283366623271648,0.505735964106255,0.387169916228228
"767383950",0.610044614809828,0.0842832212433304,0.339154794116299
"767383951",0.646483884344668,0.116732500816229,0.374055356252177
"767383952",0.685630111385743,0.0898938804983184,0.380290679811017
"767384473",0.826627047802012,0.901858171536627,0.863083291393616
"767388682",0.929152618162739,0.520050925999289,0.72159261429038
"767388684",0.929152618162739,0.514153471700433,0.718604824986256
"767388685",0.93965551278096,0.514153471700433,0.72392583886995
"767388687",0.163091200698853,0.942342587058683,0.547430755763402
"767388688",0.293521479078988,0.934099870850504,0.609333853753527
"767388690",0.307516857929051,0.934351419724254,0.616551683025742
"767388691",0.33413012866026,0.98460474470828,0.655494111552396
"767390911",0.664796176839128,0.840783587335345,0.750154135690012
"767390912",0.400187920450164,0.781186762871091,0.585904202781872
"767390913",0.92161421885715,0.547379936277285,0.731619004117073
"779512097",0.197894623540068,0.236871524958834,0.207654727386586
"779512098",0.189497262361211,0.253483573326115,0.211816481471405
"779512099",0.195750422287674,0.244212467856713,0.21028751915026
"780113898",0.851950062697052,0.654822008430967,0.750758186485917
"786019228",0.810221856370966,0.783300482384342,0.794707916083142
"786019229",0.21160020587154,0.911486611791503,0.556374196655736
"786019230",0.29703219737986,0.503598738659245,0.393010449291931
"786019231",0.822773140891284,0.57617553419297,0.696132313506048
"786019232",0.278692805013127,0.631630254820095,0.448583063781253
"786019233",0.690962321079022,0.452366488819548,0.566629266865809
"786019234",0.731255157123379,0.708472834354953,0.716792076037035
"786019235",0.821022186076959,0.753943893789031,0.785306878105652
"786019237",0.202629129295723,0.631630254820095,0.41004741344397
"786028688",0.446532406318831,0.472766344833136,0.453130360489337
"814348045",0.531547383325001,0.587843914226283,0.554501959092957
"814348049",0.590229911995403,0.522855286268214,0.551307140608973
"814348052",0.379050375806561,0.530996825924614,0.448443307566963
"814351058",0.89514649829345,0.733208512066967,0.812354968248683
"814351059",0.851250358102192,0.364993059597369,0.603569525198029
"814351060",0.889921171375113,0.645386634175701,0.765215061905925
"814351061",0.954075740108724,0.335126466675539,0.64053216680958
"814351062",0.86437856570746,0.814607266313417,0.838005735469632
"814351063",0.654462967918361,0.49982463796312,0.572181251122843
"814351064",0.657368585533856,0.495827154832581,0.571628086326292
"814351065",0.963415851841247,0.464606837716099,0.710861894282537
"814351066",0.695156149635617,0.459668204610528,0.572453180491292
"814351067",0.869308816769812,0.803664114481173,0.834959458263121
"814351068",0.906965381723855,0.803664114481173,0.85403716133605
"814351069",0.578692025910205,0.527266412265253,0.54769655602698
"851519308",0.227431631345609,0.161132028839019,0.184247458179585
"859822494",0.357947243124856,0.925270308094839,0.637500199289603
"860590357",0.940663038822694,0.973058674570731,0.956928463839918
"866429752",0.715273839299051,0.303695076061763,0.50362561411449
"890744300",0.513499837474319,0.163103428888442,0.330175109483313
"890744302",0.863180784122172,0.844460587286273,0.852523306907649
"890744303",0.625274995097175,0.677462260175889,0.64738934128798
"890744304",0.675775959156281,0.767602177928914,0.718641325806516
"890744305",0.313249732996944,0.495960969026896,0.39735716089698
"890744306",0.168789591100847,0.828453160538193,0.492618627659308
"890744307",0.673033071356906,0.944312615464927,0.806777385541413
"890744308",0.880835533615768,0.113030369743605,0.49090783675524
"893270033",0.75078518767782,0.837925782218971,0.792270363253532
"893270034",0.445656768114359,0.946663304409198,0.692774107265097
"893655088",0.882759070626213,0.777063326881368,0.82829708801471
"894268683",0.806908225371604,0.306185482362402,0.551311451707173
"908360097",0.314044960732773,0.913347750259956,0.609218019880953
"973599708",0.586406837818603,0.568628247085194,0.572559941607713
"976693853",0.488170690280801,0.8650493163633,0.672965092611461
"976738962",0.79878904390236,0.156715161377826,0.471472896626706
"976738963",0.843447428517158,0.178886193663931,0.505330253869151
"976738964",0.837511478018422,0.174702533510968,0.500203420673867
"976738965",0.938579003854813,0.572439078178221,0.75290931565527
"976738966",0.961142345405414,0.576592344155856,0.766444578528071
"976738967",0.942804069931891,0.574446436794342,0.756066808853769
"984479384",0.945839855754738,0.633749072411397,0.787648921978452
"984479387",0.991012723488267,0.63809636914954,0.812737004098161
"987446303",0.662326172560521,0.158374031862307,0.403178013528947
"1000927079",0.776939353746699,0.958882022623484,0.866799961400957
"1002411640",0.396151830741935,0.541079917714786,0.462215639462745
"1005636517",0.836370901330471,0.468761613016173,0.648602835971955
"1005636518",0.867291282441456,0.468763105174351,0.664268585553941
"1005636519",0.969597054531229,0.562039943097099,0.763355344120503
"1005636520",0.980781240548663,0.335097322043916,0.654047037212655
"1005636521",0.861164739187661,0.690921066394712,0.773715192046587
"1013189790",1,0.665498755386127,0.831172864662812
"1013189791",1,0.644659903673787,0.82061541137853
"1013189792",1,0.644659903673787,0.82061541137853
"1013189793",1,0.640063531533238,0.818286780952014
"1013189794",1,0.638373665143058,0.817430654821973
"1013189795",1,0.673004496156798,0.834975449788141
"1013189796",1,0.642352429808953,0.819446390749709
"1013189797",1,0.651305384464465,0.823982168528476
"1013189798",1,0.721204844784465,0.859394882103662
"1013189799",1,0.723837415208924,0.860728604309543
"1030124063",0.509457808938819,0.438791208262281,0.467797247398478
"1030124064",0.6025801544518,0.474190373263993,0.532909272860066
"1030124065",0.68702618291994,0.683573112393541,0.681769849743658
"1037448512",0.345696299073327,0.972320558035947,0.655130347597491
"1039351403",0.556349679410279,0.876715687681087,0.713416633537271
"1039351404",0.539577674366783,0.936544290436619,0.735230120441434
"1041810797",0.731751841166558,0.764732399058844,0.745546128947898
"1041810798",0.760397184552921,0.463103682128283,0.607246319852765
"1044676757",0.239189152984986,0.647303733835177,0.436510136644258
"1049255712",0.673987408097056,0.902680259762512,0.78616894267616
"1049257700",0.991032171784046,0.993448536692473,0.99277663797852
"1052931152",0.982941494774294,0.258060980766316,0.616113047275348
"1056380184",0.823070435914529,0.603685687979355,0.710220222274498
"1056380187",0.900687114671887,0.663318799957416,0.779754200152393
"1056483970",0.369986283514158,0.373350319955526,0.363983790438289
"1056483972",0.347031550713129,0.396339980597465,0.364001485705466
"1056483973",0.366689367954733,0.357069470174008,0.354065233223582
"1061726434",0.536076878592895,0.958929526076012,0.744797422634089
"1061977765",0.988683622910035,0.581421646521723,0.782844277008837
"1061977766",0.984115274406541,0.602136877397108,0.791024668072663
"1061977776",0.361564864991926,0.594987371370302,0.472003853866667
"1082237234",0.189970543294278,0.350315770507866,0.261113729404386
"1146067692",0.152689706924238,0.243673651047877,0.188198968855874
"1146067695",0.16183647016432,0.236807112218634,0.189354184269248
"1146560612",0.830614860219827,0.596983575782507,0.710646957435269
"1146560613",0.980968286671244,0.286770690440632,0.629658388939092
"1146560614",0.443211913873334,0.425327432174089,0.427414449865922
"1147216332",0.429839479263717,0.484277711940046,0.450505260131217
"1147222294",0.961979783362035,0.35684973643185,0.655542061661543
"1147222295",0.856864399957808,0.400302696777931,0.62430242524499
"1147651100",0.429163367384222,0.249661014205404,0.331300378791351
"1147651101",0.477485979634027,0.269196527613656,0.365678904128694
"1147651102",0.410745392218816,0.239042420366862,0.316589768771823
"1149865780",0.681137398510069,0.621657444576575,0.647418516631228
"1149942713",0.676684507879718,0.584377856604089,0.626275859666794
"1150103124",0.792623074548078,0.344880841008466,0.56367823814548
"1150103126",0.919874717228076,0.342801637155172,0.627093544978819
"1150103127",0.70245823458708,0.962440049108489,0.83086865155601
"1150103128",0.731398350918716,0.514883980844615,0.618787946842203
"1152356085",0.691485028803144,0.144608584111646,0.410976676971785
"1152356086",0.644228497273712,0.122053736573746,0.375608587434578
"1153419171",0.977621180078477,0.937358512788885,0.957565785882035
"1159025091",0.169827332584137,0.19723095170099,0.173352328037388
"1160125532",0.874611610911344,0.885545568522669,0.879129052635371
"1160125533",0.874611610911344,0.793216419325861,0.832352930184942
"1160125534",0.873455129375782,0.839021144923264,0.854972782632423
"1182417167",0.380149669322783,0.62268328752942,0.49545075733719
"1184179333",0.189498499129449,0.415255375683907,0.293774514802864
"1184179334",0.15441740333265,0.503983056953419,0.320953139028785
"1184492896",0.930449681045679,0.884691275266686,0.906985129534407
"1197961745",0.360275360103359,0.560936262357401,0.454099466165609
"1197961746",0.652309280889754,0.560936262357401,0.602050731364266
"1197961747",0.360275360103359,0.677004750444177,0.512902497046033
"1205720917",0.344369375412244,0.93725157407402,0.63669132323218
"1205720918",0.263270802230422,0.934801162316017,0.594363438873321
"1205720919",0.258439987211841,0.929896577767071,0.589431256066093
"1205720921",0.145259719218187,0.927503889306108,0.53087927318628
"1205729500",0.37109529519398,0.985889166611085,0.674872254294421
"1207249046",1,0.229142928386481,0.610104721251399
"1237370147",0.545797382148899,0.0390488621032107,0.283688840095239
"1237370149",0.679327731645527,0.147257147969115,0.406159328636341
"1237370150",0.390871457156439,0.0851633556261091,0.228562405088485
"1237370151",1,0.743920691260609,0.870903265161198
"1268371478",0.66365496562393,0.880555846656148,0.769725534888378
